,Portfolio
2019-07-18,0.016491128140734435
2019-07-19,-0.0009850338312748484
2019-07-22,0.009689113350262889
2019-07-23,-0.003098749550979017
2019-07-24,0.0013676590085046954
2019-07-25,0.0019298158214686829
2019-07-26,0.004254233443687843
2019-07-29,0.0006389969402614645
2019-07-30,0.003795078962189203
2019-07-31,-0.004652368892450937
2019-08-01,0.005035042168810913
2019-08-02,-0.010493623363616372
2019-08-05,-0.0014356360709612255
2019-08-06,0.006337977629081634
2019-08-07,-0.001130350856512911
2019-08-08,0.0006362585480170016
2019-08-09,-0.0027318599497895557
2019-08-12,-3.0482600755305728e-06
2019-08-13,-0.0011316413670199796
2019-08-14,0.0005069648385713312
2019-08-15,-0.005197339102967648
2019-08-16,-0.002478248251275829
2019-08-19,-0.000973603914984272
2019-08-20,-0.0016075410576941325
2019-08-21,0.005966920872496252
2019-08-22,-0.0026624577336183657
2019-08-23,0.0004128317956719465
2019-08-26,-0.00031756132741334416
2019-08-27,-0.001631877571523941
2019-08-28,0.0012795090715279592
2019-08-29,-0.0025323420237670156
2019-08-30,-0.0067669331531315016
2019-09-02,-0.0016681213003174925
2019-09-03,0.0035294236779442826
2019-09-04,-0.004776385739432611
2019-09-05,0.004453624989947899
2019-09-06,-0.001589343341833038
2019-09-09,0.0007867340175915673
2019-09-10,0.004553376624670722
2019-09-11,0.006329793438497246
2019-09-12,0.003345615687159353
2019-09-13,-0.0075760057959998964
2019-09-16,-0.001848039932067377
2019-09-17,-0.006933980787006138
2019-09-18,-0.022962388330653567
2019-09-19,-0.0023674084121278185
2019-09-20,-0.003817685229365851
2019-09-23,9.265809673231616e-05
2019-09-24,-0.0035745308320967385
2019-09-25,0.0025035437193229857
2019-09-26,0.0005034291430728729
2019-09-27,0.004575386550232835
2019-09-30,0.00347888882961669
2019-10-01,-0.008315216652542902
2019-10-02,-0.008125455512947409
2019-10-03,0.0020663270809636925
2019-10-04,-0.00342586191139172
2019-10-07,-0.0006004696253653123
2019-10-08,-0.001788333036350378
2019-10-09,0.0013593945972173197
2019-10-10,-0.0077408645232565345
2019-10-11,-0.0030136314599558188
2019-10-14,-0.0013852237310155906
2019-10-15,0.0034498251426874483
2019-10-16,-0.0017344411969967008
2019-10-17,0.008108285886783981
2019-10-18,-0.002660711619413345
2019-10-21,-0.004913641683411509
2019-10-22,0.0017580517030936617
2019-10-23,-0.0011295261272370983
2019-10-24,0.011558655944643089
2019-10-25,0.0032301386804210056
2019-10-28,0.004669716010635761
2019-10-29,0.001661314565462897
2019-10-30,-0.008149307672093204
2019-10-31,0.00014550184867677645
2019-11-01,-0.002648424575283338
2019-11-04,-0.007644933483158211
2019-11-05,-0.004680178157065118
2019-11-06,0.00012507555545305556
2019-11-07,-0.004381913048979454
2019-11-08,0.0028660884982169405
2019-11-11,0.006770073570225844
2019-11-12,-0.002427864229610114
2019-11-13,-0.001069658347107774
2019-11-14,0.003936900773741849
2019-11-15,0.002887867819918553
2019-11-18,0.00011551050173961346
2019-11-19,0.004502252556950762
2019-11-20,0.007658398429932637
2019-11-21,0.002908412823288049
2019-11-22,8.412110094920282e-05
2019-11-25,0.010007735204579744
2019-11-26,0.008287523082594101
2019-11-27,0.0019628024822251353
2019-11-28,-0.004533442437616356
2019-11-29,0.003920588325131966
2019-12-02,-0.004399140025487643
2019-12-03,0.008147368786832575
2019-12-04,-0.02387633271950761
2019-12-05,-0.004858599365327067
2019-12-06,0.01198890445591225
2019-12-09,0.0014530072090888075
2019-12-10,-0.01813638782788135
2019-12-11,0.0012808428504014944
2019-12-12,-0.011073903669282053
2019-12-13,-0.003482795252780232
2019-12-16,8.693389854155841e-05
2019-12-17,-0.002307281359767379
2019-12-18,-0.012961063711281372
2019-12-19,-0.005780063323958466
2019-12-20,0.00215458808343567
2019-12-23,-0.0007051525840569541
2019-12-24,-0.002688606788428129
2019-12-25,0.00311729827745878
2019-12-26,0.0021256609482446843
2019-12-27,-0.006457483601416927
2019-12-30,0.00126709620059948
2019-12-31,0.00027524397217463007
2020-01-01,0.008879095290649713
2020-01-02,0.0007173294873678693
2020-01-03,0.0020108652294439713
2020-01-06,0.003138611266491627
2020-01-07,0.0013820278715951824
2020-01-08,0.0025312947172958177
2020-01-09,0.002480468317859206
2020-01-10,0.0006687365472567362
2020-01-13,-0.005263757263452016
2020-01-14,-0.0035504554160068445
2020-01-15,-0.007121603670262378
2020-01-16,0.0021005260289350333
2020-01-17,0.0013817753290419463
2020-01-20,0.001740565100980637
2020-01-21,0.002608293222017913
2020-01-22,-0.001950879319606299
2020-01-23,0.005567786401060957
2020-01-24,0.0003299235740563792
2020-01-27,-0.0002209917823071718
2020-01-28,-0.0009113320487926182
2020-01-29,0.00655642171124426
2020-01-30,-0.0034758707656586123
2020-01-31,0.00151119768418011
2020-02-03,-0.055322338582989135
2020-02-04,-0.003571295488569277
2020-02-05,-8.854799967233732e-05
2020-02-06,0.005937800239179976
2020-02-07,-0.0006661081973263649
2020-02-10,-0.0006892379011952897
2020-02-11,-0.004261524417042089
2020-02-12,0.004896401169421384
2020-02-13,0.0018581815281498728
2020-02-14,-0.0041683148228954985
2020-02-17,0.00044537515673032747
2020-02-18,0.005795996270895409
2020-02-19,-0.009551882827851885
2020-02-20,0.004486785653217116
2020-02-21,-0.006000124768939138
2020-02-24,0.005993450128950469
2020-02-25,0.01039762711935379
2020-02-26,0.00014138384082254025
2020-02-27,0.0012064690398333243
2020-02-28,-0.012374644998797115
2020-03-02,-0.0014785478862559462
2020-03-03,0.00512845123038007
2020-03-04,-0.0038468027799943754
2020-03-05,-0.0002566846532324652
2020-03-06,-0.01322995185729901
2020-03-09,0.007530074594364325
2020-03-10,0.0051283471668595254
2020-03-11,-0.008000421993489664
2020-03-12,-0.00013593659996596552
2020-03-13,0.009192214534195954
2020-03-16,0.00024259788158950655
2020-03-17,0.0036411578418150807
2020-03-18,-0.011260823689940878
2020-03-19,-0.0007027488123417905
2020-03-20,0.004845539267358387
2020-03-23,0.0102125568892052
2020-03-24,0.0016261191470097333
2020-03-25,-0.0026647778705771222
2020-03-26,0.0031540196418287977
2020-03-27,0.0026391032897643612
2020-03-30,-0.004628825958126324
2020-03-31,-0.0014891193864470052
2020-04-01,-0.005398945869460466
2020-04-02,0.0013549156059776617
2020-04-03,0.005465475955919172
2020-04-06,0.0016203849388651153
2020-04-07,0.007132298989123334
2020-04-08,-0.0011399009310143916
2020-04-09,0.02811139620953347
2020-04-10,-0.002025167392159365
2020-04-13,-5.727181754599993e-06
2020-04-14,-0.005124755270913777
2020-04-15,-0.0008973497088196915
2020-04-16,0.0001022832291483454
2020-04-17,0.004220928648146927
2020-04-20,0.0003825940934348609
2020-04-21,-0.00775458299483049
2020-04-22,-0.004496224128403259
2020-04-23,0.0076340372687408245
2020-04-24,-0.015381537791189465
2020-04-27,0.0033796372236505035
2020-04-28,0.007780111286068336
2020-04-29,-0.0029302015580840736
2020-04-30,0.0028070498465056957
2020-05-01,-0.006215264747324762
2020-05-04,0.008600325184434035
2020-05-05,-0.0005091450907230125
2020-05-06,0.0013338814152123789
2020-05-07,-0.0028473411558560305
2020-05-08,0.0046423006067276154
2020-05-11,0.0024467658980623906
2020-05-12,0.0014589449870856981
2020-05-13,-0.0018214551552318383
2020-05-14,-0.009098267270387662
2020-05-15,-0.012086031349466503
2020-05-18,0.002914930999810838
2020-05-19,0.01796012019740315
2020-05-20,0.004195193318592404
2020-05-21,-0.00034466699818967294
2020-05-22,-0.0013114569541702718
2020-05-25,0.00494546811546261
2020-05-26,0.004165058608225344
2020-05-27,-0.0014345217712204213
2020-05-28,0.0061627485930950375
2020-05-29,0.0011888486130316109
2020-06-01,0.004336255704797669
2020-06-02,0.003364312340893884
2020-06-03,-0.0034483054831138484
2020-06-04,-7.082659641584411e-05
2020-06-05,0.0012747357039344996
2020-06-08,0.007477655656096755
2020-06-09,-0.00718132111966401
2020-06-10,0.021186889789480676
2020-06-11,0.0013044435526241484
2020-06-12,0.004045685819607976
2020-06-15,-0.009152720033228817
2020-06-16,0.004124553443572848
2020-06-17,0.0030716388638434835
2020-06-18,0.0021924636779731377
2020-06-19,0.0013328580445339977
2020-06-22,0.00048477208146336607
2020-06-23,-0.0007059901038653731
2020-06-24,0.003289293836395079
2020-06-25,0.0016051381032064433
2020-06-26,-0.0010609085539313346
2020-06-29,0.00264848031409822
2020-06-30,0.0006996863946940215
2020-07-01,-0.0037585746278312403
2020-07-02,0.00013543097604427817
2020-07-03,-0.0008190337247333504
2020-07-06,0.000735094973137577
2020-07-07,-0.0023912449079269292
2020-07-08,0.0028624165362002682
2020-07-09,-0.002190067757012126
2020-07-10,0.001347891613751589
2020-07-13,0.006238123729070444
2020-07-14,-0.005259703299151241
2020-07-15,-0.007625588807169772
2020-07-16,-0.0010590666794210138
2020-07-17,0.0004289173109503627
2020-07-20,-0.0008480480336602615
2020-07-21,0.0023175281168279016
2020-07-22,-0.003406905741636064
2020-07-23,0.004172738600668798
2020-07-24,-0.0003229296534258964
2020-07-27,-0.00037489898467386515
2020-07-28,0.0025667326105630432
2020-07-29,0.0014004241551801454
2020-07-30,0.0025329090078479175
2020-07-31,-0.003450769824966452
2020-08-03,0.004279461895694439
2020-08-04,0.004795567263280719
2020-08-05,-0.0028009085739439652
2020-08-06,-0.00010942336958706577
2020-08-07,0.006605517228423052
2020-08-10,-0.0002799085505356191
2020-08-11,-0.01451085936175917
2020-08-12,0.03601363446162598
2020-08-13,0.0007253011407403017
2020-08-14,-0.0005550963659520184
2020-08-17,0.005744621902638163
2020-08-18,-0.004241412404079265
2020-08-19,0.009409963646146172
2020-08-20,-0.002523749386313805
2020-08-21,-0.001603220015315222
2020-08-24,-0.005293719220185017
2020-08-25,0.0025972315794866394
2020-08-26,-0.001801331457442874
2020-08-27,-0.007645860535357769
2020-08-28,-4.34157506291313e-05
2020-08-31,-0.0046306252837017775
2020-09-01,-0.0023603882486025424
2020-09-02,-0.005004320511453653
2020-09-03,0.005889830633353101
2020-09-04,-0.003262780028032664
2020-09-07,-0.0016745065297105808
2020-09-08,-0.0010725786812216004
2020-09-09,0.003114272182255541
2020-09-10,0.0018001952963393804
2020-09-11,-0.00521137150622732
2020-09-14,0.003859216702849511
2020-09-15,0.005660332019847001
2020-09-16,0.0063077329790492765
2020-09-17,0.004335633580884793
2020-09-18,0.004023252136678853
2020-09-21,-0.0007168060452124862
2020-09-22,0.0013238162498980456
2020-09-23,0.003999948397339523
2020-09-24,0.00047876001773405945
2020-09-25,0.0029168965484413795
2020-09-28,0.0037544716622641993
2020-09-29,8.190198850900936e-05
2020-09-30,-0.0019383862443203056
2020-10-01,0.0017555802658095272
2020-10-02,0.0008865576827891241
2020-10-05,0.0004809642741838368
2020-10-06,-0.004010637279009875
2020-10-07,-0.003995583173756685
2020-10-08,-0.007503942072577258
2020-10-09,0.0004077808955814449
2020-10-12,0.0019112562041505088
2020-10-13,0.005058496340597445
2020-10-14,-0.0023772817388003856
2020-10-15,-0.006650435173244606
2020-10-16,0.016014626089309016
2020-10-19,-0.0033283731732868557
2020-10-20,0.003091053798586059
2020-10-21,0.007102940722121206
2020-10-22,-0.009086052197573498
2020-10-23,0.0030780842565311735
2020-10-26,0.0036796107078044373
2020-10-27,0.0014590247931108818
2020-10-28,0.0029597097594335742
2020-10-29,0.0007191733838548095
2020-10-30,-0.0011157275490475914
2020-11-02,-0.000837068179326543
2020-11-03,0.0011972854648241661
2020-11-04,-0.005575861583260671
2020-11-05,0.004102403891126959
2020-11-06,-0.005389781541598514
2020-11-09,-0.009804283373567927
2020-11-10,-0.008863968082970531
2020-11-11,-0.0014408877239900223
2020-11-12,0.0020861457330719475
2020-11-13,0.0024409356331898785
2020-11-16,0.010205794227260829
2020-11-17,-0.006792274569127592
2020-11-18,-0.0027272564308379616
2020-11-19,0.0030182826617692108
2020-11-20,-0.0009467762752565849
2020-11-23,0.0024506963132578568
2020-11-24,0.004176419267248564
2020-11-25,0.00021170130680979782
2020-11-26,0.002964051964231225
2020-11-27,0.004420037142055219
2020-11-30,-0.001887739484850737
2020-12-01,0.0026470714172277866
2020-12-02,0.007557652805989756
2020-12-03,0.029815381789477253
2020-12-04,-0.00043235719692482066
2020-12-07,0.0009132188503113864
2020-12-08,-0.005673896611549782
2020-12-09,0.00537778318827984
2020-12-10,-0.0019026974720329857
2020-12-11,-0.003241072638000486
2020-12-14,-0.007993506660785075
2020-12-15,0.0071342428204410726
2020-12-16,-0.003058360056567909
2020-12-17,-0.0007379677581015445
2020-12-18,0.0005141897369127396
2020-12-21,0.00044676041664834157
2020-12-22,0.00021157467399390145
2020-12-23,-0.009692530155451178
2020-12-24,0.0010003131364731226
2020-12-25,-0.008307358369939125
2020-12-28,0.0020736599182430595
2020-12-29,-0.0030133872989797474
2020-12-30,0.01005404813974766
2020-12-31,0.00021051731638458147
2021-01-01,-0.0017091305730397288
2021-01-04,-0.003909400058569959
2021-01-05,0.0005098340096285599
2021-01-06,-0.004360150414921114
2021-01-07,0.0004745797249593648
2021-01-08,-0.003496874800495187
2021-01-11,0.007933795723782867
2021-01-12,-0.0007938736675754768
2021-01-13,-0.002298762695577386
2021-01-14,-0.0009837777681734824
2021-01-15,-0.005921289499998041
2021-01-18,-3.7350214366833956e-05
2021-01-19,-0.00022486824018090026
2021-01-20,-0.002163430217656004
2021-01-21,0.0021977321086706037
2021-01-22,-0.0023580157370030027
2021-01-25,0.004341359601486567
2021-01-26,-0.006189032407401028
2021-01-27,0.001656358938700708
2021-01-28,-0.0010864351719893782
2021-01-29,0.001290888859879727
2021-02-01,-0.0020273165480573663
2021-02-02,0.006305387025830148
2021-02-03,0.027384877741719903
2021-02-04,0.002212296162892924
2021-02-05,-0.003525832308661556
2021-02-08,0.0013997396868889462
2021-02-09,0.0072199961466278394
2021-02-10,-0.024309448316750047
2021-02-11,-0.005948889715206776
2021-02-12,0.004634358299821931
2021-02-15,-0.005318981289814415
2021-02-16,0.007863654622513741
2021-02-17,0.001336327335125339
2021-02-18,0.002197462951182077
2021-02-19,-0.004451251010351663
2021-02-22,0.0017088075173574996
2021-02-23,-0.008042469665300634
2021-02-24,0.0058432772598615255
2021-02-25,0.005148618403474184
2021-02-26,0.0024901978555952995
2021-03-01,0.0033552072362733115
2021-03-02,-0.0011896052369808913
2021-03-03,-0.002545876341288352
2021-03-04,0.0008245123129314926
2021-03-05,-0.00026356319185401463
2021-03-08,-0.001433535666453141
2021-03-09,-0.0010166906928588812
2021-03-10,-0.006175411824004702
2021-03-11,0.01880035476088979
2021-03-12,0.0004621976250899714
2021-03-15,0.007832524687231258
2021-03-16,0.0005979852874239396
2021-03-17,-0.0009722037858068598
2021-03-18,-0.003155721776049593
2021-03-19,-0.002249293016158742
2021-03-22,-0.0009343953265701145
2021-03-23,0.007389103219689578
2021-03-24,-0.005462808643233737
2021-03-25,0.010835340740684573
2021-03-26,-0.0018223862037682118
2021-03-29,0.0053119422694163
2021-03-30,0.001566435603263693
2021-03-31,0.00423023090306889
2021-04-01,0.006083334846705426
2021-04-02,0.02055649100941492
2021-04-05,-0.00103416706519945
2021-04-06,-0.0012814416941265595
2021-04-07,-0.008017227317666362
2021-04-08,0.0006033128359240714
2021-04-09,0.006585083030679721
2021-04-12,-0.00505210625988497
2021-04-13,-0.00418287638435885
2021-04-14,0.0037139167428386364
2021-04-15,0.002552014223233425
2021-04-16,-0.005561739599799273
2021-04-19,-4.160115240172754e-05
2021-04-20,-0.0022959427644068
2021-04-21,-0.0014197616264495937
2021-04-22,0.0010235945055609116
2021-04-23,-0.002088257904028187
2021-04-26,0.02346584518134241
2021-04-27,0.005772182400876866
2021-04-28,-0.0018391839490895085
2021-04-29,0.0031893928603116354
2021-04-30,-0.0034778629654809512
2021-05-03,0.005786053709717476
2021-05-04,0.002746126408381632
2021-05-05,0.00292953161835451
2021-05-06,-0.0004893931427531163
2021-05-07,-0.003604315490023964
2021-05-10,-0.0017821392540107906
2021-05-11,-0.0017133642482683978
2021-05-12,0.004056272327789431
2021-05-13,-0.00011190822751099905
2021-05-14,0.0016762533827212305
2021-05-17,-0.0036959821758118364
2021-05-18,0.004708164968868881
2021-05-19,0.000590886756413558
2021-05-20,-0.005295686236380601
2021-05-21,-0.005833803331456489
2021-05-24,-0.004766897710950648
2021-05-25,-0.0012117320413811443
2021-05-26,0.0016997399986232716
2021-05-27,0.002167685477384617
2021-05-28,0.0024796735989008165
2021-05-31,-0.0014083350426395808
2021-06-01,-0.005308304871258483
2021-06-02,-0.0014453053985982465
2021-06-03,-0.0008534374037262613
2021-06-04,-0.006492766104422619
2021-06-07,0.01066123233712262
2021-06-08,0.007300887571392991
2021-06-09,0.004829875623422782
2021-06-10,0.0010435158514292512
2021-06-11,-0.0020286608952582623
2021-06-14,0.002124163490086213
2021-06-15,-0.002983308908843286
2021-06-16,-0.0058792516041970945
2021-06-17,-0.0070344345604757596
2021-06-18,-0.004451171709624431
2021-06-21,-0.007486629131284496
2021-06-22,-0.005221629611801133
2021-06-23,-0.0031901247160700274
2021-06-24,2.5765759850279814e-06
2021-06-25,0.0010532347406659584
2021-06-28,0.005438909099901481
2021-06-29,0.0024140605949202172
2021-06-30,-0.001422947863483896
2021-07-01,-0.0015374921805026945
2021-07-02,-0.000961198520232991
2021-07-05,-0.0008407547220834957
2021-07-06,-0.00040441592127929367
2021-07-07,-0.004718376260701818
2021-07-08,0.0021097488951834858
2021-07-09,-0.0011368204735949764
2021-07-12,0.0034254075498341536
2021-07-13,-0.003194044269300704
2021-07-14,-0.0013487132969875286
2021-07-15,0.003851199772998401
2021-07-16,-0.003419982658015251
2021-07-19,0.0006311717024423839
2021-07-20,0.006137618478245191
2021-07-21,0.010049379192079527
2021-07-22,0.0036128779544221186
2021-07-23,-0.008034602015843719
2021-07-26,-0.014667592430205477
2021-07-27,0.0036883386565638642
2021-07-28,0.003405038675319521
2021-07-29,-0.006574038922883412
2021-07-30,-0.0024850385911800526
2021-08-02,0.0003585160624839908
2021-08-03,0.006230273464664814
2021-08-04,-0.011203079812956835
2021-08-05,-0.0026274468316808
2021-08-06,-0.007098534635883475
2021-08-09,-1.1111791089158281e-05
2021-08-10,0.0013937462615572153
2021-08-11,-0.006360059115665053
2021-08-12,-0.02541596200121243
2021-08-13,-0.0033786432002081653
2021-08-16,-0.004443487487140563
2021-08-17,-0.02370272144932595
2021-08-18,0.002023070404111015
2021-08-19,0.0009246375011405651
2021-08-20,-0.0006005147459618122
2021-08-23,0.0027162622106909123
2021-08-24,0.0007030722186892034
2021-08-25,-0.0031103764547720926
2021-08-26,0.007412751679552558
2021-08-27,-0.001554162551855265
2021-08-30,0.002072112636867838
2021-08-31,-0.0008960884463844659
2021-09-01,-0.0025770278924063333
2021-09-02,-0.0028126687863211973
2021-09-03,0.006608924428376309
2021-09-06,0.001497845625820384
2021-09-07,0.004098044684899333
2021-09-08,0.0016536050934739003
2021-09-09,0.0024008000311892103
2021-09-10,0.0009247883201538282
2021-09-13,0.0017006763872811192
2021-09-14,-0.006317242438507737
2021-09-15,0.0011488579875235684
2021-09-16,-0.005378816040416059
2021-09-17,0.0031988143948148834
2021-09-20,-0.00023685510224295627
2021-09-21,0.001707874494508736
2021-09-22,0.0011304844131969916
2021-09-23,-0.002623745724297981
2021-09-24,-0.01372965792806144
2021-09-27,0.0006208181975028904
2021-09-28,0.0078997721973824
2021-09-29,-0.0013737636965739698
2021-09-30,0.0029772883560911702
2021-10-01,-0.008341569464023856
2021-10-04,0.0016960322976291113
2021-10-05,0.00015083640552579695
2021-10-06,0.0007633941439233636
2021-10-07,0.006027681877741642
2021-10-08,0.002732807059386722
2021-10-11,-0.006132778901737489
2021-10-12,0.004144952262479232
2021-10-13,0.0015702371638578463
2021-10-14,0.002486946844160122
2021-10-15,-0.0016257059965782284
2021-10-18,-0.0028901362857378337
2021-10-19,-0.0026341725262973327
2021-10-20,-0.00464306896858662
2021-10-21,-0.015814700370491597
2021-10-22,0.0001980131596671807
2021-10-25,-0.0028832931336254413
2021-10-26,-0.0009826713163324664
2021-10-27,-0.0011862992711697319
2021-10-28,0.004727401023304301
2021-10-29,-0.003163170864589539
2021-11-01,0.009290484845248364
2021-11-02,0.006954242456231623
2021-11-03,0.003244622243409964
2021-11-04,-0.0031025206563679224
2021-11-05,0.012985391909527863
2021-11-08,0.002204840262542258
2021-11-09,0.0008479383476138189
2021-11-10,-0.0060662769872284455
2021-11-11,-0.0017288709542777976
2021-11-12,-0.007383141336632104
2021-11-15,-0.0020746461386525338
2021-11-16,0.006581459185848856
2021-11-17,0.00010846682403290772
2021-11-18,0.002953395137534951
2021-11-19,0.002334533971923577
2021-11-22,-0.006894580898811631
2021-11-23,0.014552805589214004
2021-11-24,0.0025232514421904676
2021-11-25,-0.0028016688007002737
2021-11-26,0.009568928500464981
2021-11-29,0.004493181285482696
2021-11-30,-0.0025278573451220413
2021-12-01,0.002664888640401891
2021-12-02,-0.0014170384482416185
2021-12-03,0.0035317305405838974
2021-12-06,-0.014904003570879924
2021-12-07,-0.0027795829973483654
2021-12-08,-0.005409175225498143
2021-12-09,0.0002678728066985469
2021-12-10,0.0017516900973152509
2021-12-13,-0.0039781745477437125
2021-12-14,-0.0015431307424679118
2021-12-15,0.0026430805563619065
2021-12-16,-0.004604318494093111
2021-12-17,0.0056572584706436075
2021-12-20,-0.0030033240703769507
2021-12-21,0.002817673704740176
2021-12-22,0.012431096506639094
2021-12-23,0.0001376427290752425
2021-12-24,-0.01255120967194741
2021-12-27,-0.011236769238654768
2021-12-28,-0.0015082903165236467
2021-12-29,-0.0028785975461102205
2021-12-30,-0.0023677125464876825
2021-12-31,0.0007113116355860464
2022-01-03,-0.004215372185631388
2022-01-04,0.002283734852793526
2022-01-05,0.007450811125668429
2022-01-06,-0.004743224677485976
2022-01-07,0.0007032229489959451
2022-01-10,-0.005542480032701091
2022-01-11,0.0014520765184602594
2022-01-12,0.000942069353119161
2022-01-13,0.002964484957216824
2022-01-14,-0.00023218278294310452
2022-01-17,0.004189324366140493
2022-01-18,0.0011064848904349099
2022-01-19,0.0002845499082980661
2022-01-20,-0.004479752833031022
2022-01-21,-0.010868686167627163
2022-01-24,0.0008537525138914621
2022-01-25,-0.004533594676490974
2022-01-26,0.00026335948305872275
2022-01-27,0.0010170617200941773
2022-01-28,0.005833411579456788
2022-01-31,-0.0013450269819083142
2022-02-01,-0.0036449906841265313
2022-02-02,0.0012831224146810714
2022-02-03,0.004276255716545739
2022-02-04,-0.0030596155399770916
2022-02-07,-0.004446663784326724
2022-02-08,0.001296607118291921
2022-02-09,0.0029083572143826244
2022-02-10,0.00222750670310922
2022-02-11,-0.002535531295238774
2022-02-14,-0.01260244284342545
2022-02-15,0.009737370723932099
2022-02-16,-0.0036455163186474722
2022-02-17,-0.0029391279300906904
2022-02-18,-0.003825747021642915
2022-02-21,0.00022670077572013557
2022-02-22,0.000682558900780354
2022-02-23,0.00146156615849477
2022-02-24,0.0010727516077847408
2022-02-25,-0.0041243600234631165
2022-02-28,-0.011920344526480628
2022-03-01,0.004403830349795401
2022-03-02,-0.0006818899444689751
2022-03-03,0.0009398986384936478
2022-03-04,-0.0018645465881567975
2022-03-07,-0.012781039232804879
2022-03-08,-0.0045766746556131265
2022-03-09,0.0006087852298212325
2022-03-10,-0.00030257588900033913
2022-03-11,-0.01008689943320622
2022-03-14,-0.0019673983443994248
2022-03-15,-0.0005346215537055387
2022-03-16,0.001555803519087748
2022-03-17,-0.0027065572544460624
2022-03-18,0.002816325055674858
2022-03-21,0.004113885442545751
2022-03-22,-0.003144933348791624
2022-03-23,-0.0011973768767308674
2022-03-24,-0.0014307951984660603
2022-03-25,-0.0006712052672002475
2022-03-28,0.0008108658273135777
2022-03-29,0.0006515051305089429
2022-03-30,-0.003510363460385255
2022-03-31,-0.0010429039819386929
2022-04-01,-0.004090136731564908
2022-04-04,0.0019047381434204027
2022-04-05,0.005026141658583391
2022-04-06,0.0007505203298216626
2022-04-07,-0.0010473329068390147
2022-04-08,-0.00516949039657521
2022-04-11,-0.0034022586824146175
2022-04-12,-0.004077466330812058
2022-04-13,0.013547431159623226
2022-04-14,-0.0013473252849438755
2022-04-15,-0.0026744707533422093
2022-04-18,0.00165914404474448
2022-04-19,-0.0027152389392190008
2022-04-20,0.014126250084990194
2022-04-21,0.0011441519633370687
2022-04-22,0.005254596998931345
2022-04-25,-0.00526461504312259
2022-04-26,0.06131296300540889
2022-04-27,-0.0015327259768489758
2022-04-28,-0.0013278970026291417
2022-04-29,-0.004777320177924049
2022-05-02,0.0038890471842856025
2022-05-03,-0.0006371744165882084
2022-05-04,-4.265967462132075e-05
2022-05-05,-0.0003856454887187745
2022-05-06,0.00483992306071271
2022-05-09,-0.003310406663787173
2022-05-10,0.0027732297672860206
2022-05-11,0.0007632074321323756
2022-05-12,-0.00160126762558411
2022-05-13,-0.0035475058129451524
2022-05-16,-0.0011419870583818023
2022-05-17,0.0027811502088113432
2022-05-18,-0.00812669050893356
2022-05-19,-0.00010053159040749702
2022-05-20,-0.002044905040775675
2022-05-23,-0.013454164913153282
2022-05-24,-0.004229244491397486
2022-05-25,-0.006777250233323046
2022-05-26,-0.004198695314089423
2022-05-27,-0.004747641062141148
2022-05-30,0.000622392564138578
2022-05-31,0.004735589296239767
2022-06-01,-0.0024844223711385613
2022-06-02,0.00510927117005037
2022-06-03,-0.003622653183182583
2022-06-06,0.0017731716647864596
2022-06-07,-0.0017146993493513504
2022-06-08,0.007587535488774345
2022-06-09,-0.00043592985913066477
2022-06-10,-0.00853675121569294
2022-06-13,0.014101328067845871
2022-06-14,0.006384310761927892
2022-06-15,-0.001958613856480768
2022-06-16,-0.00450527496554555
2022-06-17,-0.005054728628084361
2022-06-20,0.0015190326487682412
2022-06-21,-0.0033347138222477824
2022-06-22,-0.004247890183317103
2022-06-23,0.005299194415546584
2022-06-24,-0.0065431654672836416
2022-06-27,-0.0001347591010358714
2022-06-28,-4.577928341814331e-05
2022-06-29,-0.0006830360702246004
2022-06-30,0.0032250930397992156
2022-07-01,-0.006739195795867857
2022-07-04,-0.013418830707002017
2022-07-05,0.0035883452534816967
2022-07-06,0.0030445439795004792
2022-07-07,0.0011287464043976652
2022-07-08,-0.008910221273990604
2022-07-11,-0.00014061585956108783
2022-07-12,-0.0010716558619091353
2022-07-13,0.0017344662181546233
2022-07-14,-0.0005830961330419277
2022-07-15,0.006673366510168614
2022-07-18,-0.0019093677461708546
2022-07-19,-0.006051071225251519
2022-07-20,0.0019431635034124412
2022-07-21,-0.002000362499163794
2022-07-22,0.0012750030748652091
2022-07-25,0.0012719270362325796
2022-07-26,-0.0006041363306646352
2022-07-27,0.002851655697293092
2022-07-28,0.0008673445900527096
2022-07-29,0.004468450646918559
2022-08-01,-0.0016422173682584733
2022-08-02,0.0001057068041642015
2022-08-03,-0.00014449996955124116
2022-08-04,-0.0027141825967935706
2022-08-05,-0.001593487629343081
2022-08-08,0.0007001521205103329
2022-08-09,0.01207022833046283
2022-08-10,0.002612399884516524
2022-08-11,0.008438659327343907
2022-08-12,-0.002452641716903161
2022-08-15,0.0038175046943095675
2022-08-16,0.006176084794903375
2022-08-17,0.005290806834147963
2022-08-18,-0.00042469436755905625
2022-08-19,-0.00012076220029354864
2022-08-22,0.000872865542067289
2022-08-23,0.005908634791871015
2022-08-24,0.019128982378355034
2022-08-25,0.0010787675728890697
2022-08-26,0.0019136834741053036
2022-08-29,0.023858561028065304
2022-08-30,-0.008678479395303723
2022-08-31,0.0035997724138022045
2022-09-01,0.004148649670618307
2022-09-02,0.0003911400494959998
2022-09-05,0.0031879053331176545
2022-09-06,-0.007621839359567674
2022-09-07,0.0025153244414097935
2022-09-08,-0.0002177624405278564
2022-09-09,-0.0022968246879925976
2022-09-12,0.0014807178332594808
2022-09-13,-0.0013091363540044447
2022-09-14,0.0005010391884727342
2022-09-15,0.0010763650875408922
2022-09-16,0.005036049574811316
2022-09-19,-0.000981788803055768
2022-09-20,0.003106425475468234
2022-09-21,0.0012029929662995458
2022-09-22,0.017426396399932167
2022-09-23,0.002022952965226569
2022-09-26,-0.0037616807860024215
2022-09-27,0.0066233291291168455
2022-09-28,-0.006503543790313861
2022-09-29,-0.001402260804916564
2022-09-30,0.004129459288595904
2022-10-03,-0.0006106331772813038
2022-10-04,-0.0020549918662345493
2022-10-05,0.0012742878325774025
2022-10-06,0.00340091504539488
2022-10-07,-0.003536009253245675
2022-10-10,0.000814677371357884
2022-10-11,-0.004775366366923632
2022-10-12,-0.000508401339396268
2022-10-13,0.0013567733732380443
2022-10-14,-0.00168014547872957
2022-10-17,0.0038647669093513676
2022-10-18,0.0015375430854267455
2022-10-19,-0.009898958722085694
2022-10-20,0.0014086093784893058
2022-10-21,-0.0016936999676279286
2022-10-24,-0.001865738714785514
2022-10-25,-0.0028687102094185576
2022-10-26,0.003096135501636224
2022-10-27,0.002830067731011928
2022-10-28,-0.0033258537275581393
2022-10-31,-0.015376899622208312
2022-11-01,0.000989577042406413
2022-11-02,0.007141697871331345
2022-11-03,-0.006279396853064545
2022-11-04,6.569228638748533e-05
2022-11-07,0.0031581332216141845
2022-11-08,0.004036611982148593
2022-11-09,0.0034445626017931726
2022-11-10,0.006392289602540684
2022-11-11,-0.009665970697242303
2022-11-14,0.0009044437238067019
2022-11-15,0.001875434660110289
2022-11-16,-0.0025528192053269425
2022-11-17,-0.007775872291569017
2022-11-18,-0.0006604342997455588
2022-11-21,0.0013885853122713396
2022-11-22,-0.002367000005624605
2022-11-23,-0.002950871605262007
2022-11-24,-0.000369934901027035
2022-11-25,0.0021281302484307445
2022-11-28,0.004393283719822716
2022-11-29,-0.027557841919155456
2022-11-30,-0.0003799973233868567
2022-12-01,-0.001029512875411073
2022-12-02,0.001157967341362097
2022-12-05,-0.003606585544920992
2022-12-06,0.01534586775277836
2022-12-07,-0.0045615566003246195
2022-12-08,-0.004544011161709367
2022-12-09,0.0053799173277724105
2022-12-12,0.001801449703812616
2022-12-13,-0.0019396231048230367
2022-12-14,0.0035067922626676367
2022-12-15,0.0035679028537157543
2022-12-16,0.019238128924163087
2022-12-19,-0.0004613660375809274
2022-12-20,0.00446303792593064
2022-12-21,-0.0016701540392710437
2022-12-22,0.004112917210629728
2022-12-23,0.0031266142220014634
2022-12-26,-0.0022466945080761237
2022-12-27,0.002308923746612139
2022-12-28,0.0004900860749668839
2022-12-29,0.0013813720696796345
2022-12-30,-0.00315950659195447
2023-01-02,0.004755713892651157
2023-01-03,0.0015209839443568118
2023-01-04,-0.012340686350347603
2023-01-05,-0.0071990960035014494
2023-01-06,-0.0005847276643178185
2023-01-09,7.884170359187312e-05
2023-01-10,0.0033661862898303977
2023-01-11,-0.004309420932028763
2023-01-12,-0.0012381695832735008
2023-01-13,0.0012997827939663484
2023-01-16,-0.006410384567386895
2023-01-17,0.0021788229090029024
2023-01-18,0.012518791001890264
2023-01-19,0.009021139713343949
2023-01-20,-0.0009574187194505145
2023-01-23,0.0012418984819260906
2023-01-24,-0.005691893746535093
2023-01-25,-0.0015560248064052326
2023-01-26,0.002120294532412043
2023-01-27,-0.004156082358674182
2023-01-30,-0.00366533173559117
2023-01-31,-0.0032987792641880915
2023-02-01,0.0018571640302932962
2023-02-02,-0.0010480845808659457
2023-02-03,0.0016227522864107175
2023-02-06,3.8924029780114025e-05
2023-02-07,-0.005111574307133102
2023-02-08,0.00027923455622973345
2023-02-09,0.0016438992139077633
2023-02-10,-0.0008892252939123321
2023-02-13,0.003624060630125536
2023-02-14,0.004228396868620201
2023-02-15,0.00017700967147839114
2023-02-16,0.00032111642917990763
2023-02-17,-0.016828128120388655
2023-02-20,0.0012695704154143343
2023-02-21,-0.0044355935368772135
2023-02-22,0.001184499196188015
2023-02-23,0.003086284534789692
2023-02-24,-0.008434723449800063
2023-02-27,-3.8716439392432486e-05
2023-02-28,0.0006389825823538199
2023-03-01,0.009057036126176362
2023-03-02,0.001563366088092564
2023-03-03,-1.3306571886990193e-05
2023-03-06,-0.0007488458698782951
2023-03-07,-0.006557809304822186
2023-03-08,-0.0033308237082713193
2023-03-09,0.0029533630891336064
2023-03-10,0.00012110311825279873
2023-03-13,-0.00313847137995826
2023-03-14,-0.000958205890504058
2023-03-15,0.0033071300137744414
2023-03-16,-0.009938097899804595
2023-03-17,0.004024172481767895
2023-03-20,0.003426191487599476
2023-03-21,0.0008184107078696309
2023-03-22,-0.0036216339619974955
2023-03-23,0.0007437279494081416
2023-03-24,0.00024011778492533185
2023-03-27,-0.0014539865679780984
2023-03-28,-0.0006488285049579643
2023-03-29,-0.00508943414091213
2023-03-30,0.003408417683148099
2023-03-31,-0.009878737799267557
2023-04-03,-0.0017706230545726195
2023-04-04,-0.0027636396340218277
2023-04-05,-0.0034271335302328734
2023-04-06,-0.003066266346021328
2023-04-07,-0.002020885764549271
2023-04-10,0.002731654652693005
2023-04-11,-0.0005478560472589284
2023-04-12,-0.005106966344651295
2023-04-13,0.007743705113357838
2023-04-14,-0.0010567765258880865
2023-04-17,-0.001417195673701399
2023-04-18,-0.00011792047957848922
2023-04-19,0.0009230574192631327
2023-04-20,0.0006712062676290643
2023-04-21,0.0007970949241801085
2023-04-24,0.004759695365362132
2023-04-25,-0.002605620157644787
2023-04-26,0.008483829234689632
2023-04-27,0.02731266560521388
2023-04-28,0.0008075736127026353
2023-05-01,0.002219773837437385
2023-05-02,0.0007494414242827045
2023-05-03,-0.010281434713948916
2023-05-04,-0.01059414418510549
2023-05-05,0.0006920328194983553
2023-05-08,-0.0006623119282619537
2023-05-09,-0.0009553431109103218
2023-05-10,-0.0181498196494167
2023-05-11,0.004427157762474518
2023-05-12,0.006024066875174648
2023-05-15,0.003743085854938103
2023-05-16,0.01994249649057882
2023-05-17,0.0037035665322109053
2023-05-18,0.0028139142416461066
2023-05-19,0.0004454407941004929
2023-05-22,0.0017968720186113045
2023-05-23,0.004748357330632514
2023-05-24,0.003387503263544513
2023-05-25,-0.003946146241230324
2023-05-26,-0.005369401036858323
2023-05-29,0.0010510411940714151
2023-05-30,0.003266216936078316
2023-05-31,0.003751988094046652
2023-06-01,0.0035264732795324215
2023-06-02,0.013628850836488498
2023-06-05,0.004605311369204925
2023-06-06,-0.005135542854760958
2023-06-07,-0.0008507549307563977
2023-06-08,-0.0019644191617729898
2023-06-09,0.00020187566785663045
2023-06-12,0.002913891634408268
2023-06-13,-0.0019130911696226523
2023-06-14,-0.002180761471129442
2023-06-15,0.0013560889703987525
2023-06-16,0.0032444903198365557
2023-06-19,0.0007773546686725482
2023-06-20,-0.0038282206701584875
2023-06-21,-0.0011911824311730977
2023-06-22,0.009210501031570438
2023-06-23,-0.004196777470462598
2023-06-26,-0.004599417010572711
2023-06-27,0.01023242122309546
2023-06-28,0.004532058360974694
2023-06-29,-0.003245235564394862
2023-06-30,-0.0036938031263511082
2023-07-03,-0.0004921727534515885
2023-07-04,-0.002083685648016728
2023-07-05,0.00321212431119556
2023-07-06,0.00900672727416726
2023-07-07,-0.002007021359843062
2023-07-10,0.00022828356923724905
2023-07-11,-0.0012672206374434896
2023-07-12,0.004015210775287921
2023-07-13,0.0032745097941100955
2023-07-14,-1.8110094991919778e-05
2023-07-17,0.00943812794727753
2023-07-18,-0.00561426812254335
2023-07-19,-0.0008451639022756375
2023-07-20,-7.437120895190275e-05
2023-07-21,0.0007916410677700139
2023-07-24,0.0029372497577231154
2023-07-25,-0.0009376397577304347
2023-07-26,-0.0009258904827102901
2023-07-27,0.007126427698826048
2023-07-28,-0.0014063609208740157
2023-07-31,0.0015076772507362022
2023-08-01,0.0016187821464196223
2023-08-02,0.0019183115722952793
2023-08-03,-0.0013757176098737121
2023-08-04,-0.006835461128439651
2023-08-07,-0.00022782303841824666
2023-08-08,0.0032829393079387443
2023-08-09,0.0003383053274556308
2023-08-10,0.011280947183484867
2023-08-11,-0.0006488547045592182
2023-08-14,0.0052132211010522764
2023-08-15,0.0066072181783539225
2023-08-16,0.003979721438069084
2023-08-17,0.004616167783102483
2023-08-18,-0.0010379342313755113
2023-08-21,0.011608306386993263
2023-08-22,0.0015257132770848377
2023-08-23,0.0005677195719536865
2023-08-24,-0.004626477657923712
2023-08-25,0.0021764139562829663
2023-08-28,0.005985772167626094
2023-08-29,-0.017847165125503585
2023-08-30,-0.010710188250941012
2023-08-31,-0.0023589692006358845
2023-09-01,0.003295928490053454
2023-09-04,0.0006022883034172193
2023-09-05,-0.004783803108082838
2023-09-06,-0.0006917272986364685
2023-09-07,-0.002133629126870767
2023-09-08,0.0035319231738779417
2023-09-11,0.013938499355216778
2023-09-12,-0.0030519615719196906
2023-09-13,0.009706185594146467
2023-09-14,0.0035564194800140466
2023-09-15,0.0051449148612777535
2023-09-18,0.0006971279149413094
2023-09-19,-0.0018819893994016267
2023-09-20,0.006491058939556773
2023-09-21,0.0004354388812354797
2023-09-22,0.002641174999607746
2023-09-25,0.001503182260134059
2023-09-26,-0.004340210654045272
2023-09-27,-0.004088710088612614
2023-09-28,0.004151909685013808
2023-09-29,-0.0005646376563756701
2023-10-02,-0.0011823395098016264
2023-10-03,-0.0035972464052787347
2023-10-04,-0.0006429931446388945
2023-10-05,0.002578615997410917
2023-10-06,0.0016574799986881184
2023-10-09,-0.0055106464687964185
2023-10-10,-0.0017666446372615885
2023-10-11,-0.006764557531767166
2023-10-12,-0.00873222592724511
2023-10-13,-0.0008986241658113176
2023-10-16,-0.0003001470457410032
2023-10-17,0.00963718815356315
2023-10-18,-0.008714186304775665
2023-10-19,0.004414046991077042
2023-10-20,0.0005208915808332774
2023-10-23,-0.003344248422786986
2023-10-24,0.015519408028968519
2023-10-25,-0.00827128287746788
2023-10-26,0.002654156324906978
2023-10-27,0.0003428836736644662
2023-10-30,-0.0030649560925493286
2023-10-31,0.0038198979656320006
2023-11-01,0.00286371654074086
2023-11-02,0.0008718368665725646
2023-11-03,-0.0017375198782802624
2023-11-06,0.002767714174194783
2023-11-07,-0.0029286800938658707
2023-11-08,0.0023750557944450528
2023-11-09,-0.007440410513546773
2023-11-10,-0.0014216785493009411
2023-11-13,0.007792052049556797
2023-11-14,-0.0034385829131605
2023-11-15,0.0044246219022339665
2023-11-16,-0.01002137919841839
2023-11-17,0.0011559758867412235
2023-11-20,-0.0030672383519718695
2023-11-21,-0.007795215470229971
2023-11-22,-0.015503265785248323
2023-11-23,-0.0022255801770248535
2023-11-24,-0.0030063814884228658
2023-11-27,-0.002012372864383777
2023-11-28,0.002539943939784355
2023-11-29,-0.002451494708344358
2023-11-30,-1.0682623656201008e-05
2023-12-01,0.003107328521558473
2023-12-04,0.0010807824075890345
2023-12-05,0.0006927532001791653
2023-12-06,0.0018885241399127905
2023-12-07,-0.003698292449664968
2023-12-08,0.006307464165502363
2023-12-11,-0.002743088350491682
2023-12-12,-0.004521280326827805
2023-12-13,-0.0007789890762558492
2023-12-14,-0.004641753358741746
2023-12-15,0.0016883949963748563
2023-12-18,-0.006346835282940389
2023-12-19,-0.005836697560848116
2023-12-20,-0.0026361263176715314
2023-12-21,-0.0015759094183874032
2023-12-22,-0.007046021733918363
2023-12-25,-0.000741975945658894
2023-12-26,-0.0009989819519470912
2023-12-27,0.0006586597174431216
2023-12-28,-0.00143186694239597
2023-12-29,0.0015859087579824537
2024-01-01,0.0032523142913547277
2024-01-02,-0.0022162268549367663
2024-01-03,0.007656507549495509
2024-01-04,-0.006403844324160939
2024-01-05,-0.007886040004556965
2024-01-08,0.0018482415267234325
2024-01-09,0.0030963572418020334
2024-01-10,-0.0013864722612301295
2024-01-11,0.0012053090248386627
2024-01-12,-0.0006708005304148761
2024-01-15,-0.0015527567547684187
2024-01-16,-0.0012794675335958136
2024-01-17,0.010849081805112471
2024-01-18,-0.0030263425804315427
2024-01-19,-0.0006093001275465688
2024-01-22,0.0029928411888731385
2024-01-23,-0.0024052624799488884
2024-01-24,-0.00757352092916838
2024-01-25,0.003953713900586965
2024-01-26,-0.002115953598028357
2024-01-29,0.004653461787251159
2024-01-30,0.0031564488037894318
2024-01-31,0.0004614820904273009
2024-02-01,-0.0010391858350547924
2024-02-02,-0.002455185644194885
2024-02-05,-0.006108962543192591
2024-02-06,-0.000386954255309346
2024-02-07,0.0008925146163621525
2024-02-08,0.0017176914962602715
2024-02-09,-0.00173657913392078
2024-02-12,0.008174087809310192
2024-02-13,0.0008186941669884542
2024-02-14,0.0030520054005926758
2024-02-15,-0.001561280242314922
2024-02-16,0.007721064370376837
2024-02-19,0.0013549431916789463
2024-02-20,0.001813337496378839
2024-02-21,0.0017081809710387276
2024-02-22,-0.00029320813948711786
2024-02-23,0.0029203378442892248
2024-02-26,0.0025488239209187085
2024-02-27,0.007398666340547515
2024-02-28,-0.0008047941790459962
2024-02-29,-0.00023330513117795563
2024-03-01,0.007067535681807119
2024-03-04,-0.005213674695071272
2024-03-05,0.003906958313867872
2024-03-06,0.0066307081698786996
2024-03-07,0.005862487361137106
2024-03-08,0.0032629259177083107
2024-03-11,-0.0012376979187452273
2024-03-12,-0.00423328289793039
2024-03-13,0.0023928484128547403
2024-03-14,0.00629532238284908
2024-03-15,0.002203328075196389
2024-03-18,-0.0008183250093269449
2024-03-19,0.004135761038245437
2024-03-20,0.0017699399065003686
2024-03-21,-0.005223438581672446
2024-03-22,5.0521539218379826e-05
2024-03-25,-0.0030468178477430436
2024-03-26,-0.011749286086777888
2024-03-27,0.007382787509001177
2024-03-28,0.0008544349463667488
2024-03-29,0.006099102084514474
2024-04-01,1.8483980138736556e-05
2024-04-02,-0.01789799102037462
2024-04-03,-0.004656383651665427
2024-04-04,0.006489467509539921
2024-04-05,-0.0035730213205815123
2024-04-08,-0.00609008723333495
2024-04-09,0.006548928775339995
2024-04-10,-0.003484748962391231
2024-04-11,-0.0005824340634031569
2024-04-12,-0.0024670969296393987
2024-04-15,-0.0003156154915085273
2024-04-16,0.0016662643059457748
2024-04-17,0.003976356181053339
2024-04-18,0.0011623291028765115
2024-04-19,0.004647729650877689
2024-04-22,-0.005944895495182816
2024-04-23,0.00038639133544466936
2024-04-24,0.002604819465488092
2024-04-25,-0.001059371390984241
2024-04-26,0.00635083566528319
2024-04-29,0.0010615839195586372
2024-04-30,0.006356019451973926
2024-05-01,-0.005170813279450571
2024-05-02,-0.004786335872523969
2024-05-03,-0.0012676524353872308
2024-05-06,-0.0036687043956439474
2024-05-07,0.0022708528868010808
2024-05-08,-0.0014432155421803747
2024-05-09,-0.0021744732224678125
2024-05-10,-0.004608980112571578
2024-05-13,-0.006452626476252594
2024-05-14,-0.0074953951903179395
2024-05-15,-0.007220370834321329
2024-05-16,-0.0023952935464994617
2024-05-17,-0.003490992022153892
2024-05-20,-0.0009053798071899093
2024-05-21,-0.001001390812448251
2024-05-22,0.0007806750072499763
2024-05-23,-0.00140484507612511
2024-05-24,0.0006844238855051553
2024-05-27,-0.0033892679823055182
2024-05-28,-0.0040811993945970675
2024-05-29,5.642023368466699e-05
2024-05-30,-0.00269257054154218
2024-05-31,-0.0026316182601521577
2024-06-03,-8.115524187160321e-05
2024-06-04,-0.0013266373272596945
2024-06-05,0.00021450600675832648
2024-06-06,-0.0010753669944215311
2024-06-07,-0.0018492715320342502
2024-06-10,-0.005609442614176647
2024-06-11,0.0009198759547185085
2024-06-12,-0.0016634121126330062
2024-06-13,0.0040764281428634875
2024-06-14,0.0002841258808473467
2024-06-17,0.006676302702238047
2024-06-18,-0.009164908668902766
2024-06-19,-0.0030120597396954495
2024-06-20,0.01226360300989013
2024-06-21,0.000333413469339917
2024-06-24,-0.002932139905101616
2024-06-25,-0.005334225384360845
2024-06-26,0.0008680689125732966
2024-06-27,0.002016404797941691
2024-06-28,-0.00031319280022553764
2024-07-01,-0.002198873700665631
2024-07-02,0.007629412308066033
2024-07-03,0.003945778839122541
2024-07-04,0.0013498059428793333
2024-07-05,-0.0007036237963148218
2024-07-08,-0.0057131354355253496
2024-07-09,-0.0009390590422418846
2024-07-10,-0.0005950747185580042
2024-07-11,0.004045587808057411
2024-07-12,-0.0030108043570203544
2024-07-15,-0.011508686840342685
2024-07-16,-0.00178336797250044
2024-07-17,0.002602301786904179
2024-07-18,-0.014724538048844906
2024-07-19,-0.009885577194628818
2024-07-22,-0.00134441889420929
2024-07-23,-0.0011814855489567404
2024-07-24,-0.003894875278502895
2024-07-25,-0.004465401331041847
2024-07-26,0.0024423988222651433
2024-07-29,-0.0008056840703470979
2024-07-30,0.005503563705049454
2024-07-31,-0.009544550795801368
2024-08-01,0.0028305425668991263
2024-08-02,0.0016817514362053034
2024-08-05,-0.0003522220098020937
2024-08-06,0.005593404232157383
2024-08-07,-0.004419733733902071
2024-08-08,0.00022151232419164338
2024-08-09,-0.00024666370770034174
2024-08-12,0.0006336837226886529
2024-08-13,-0.006156279086256883
2024-08-14,0.003139462150287706
2024-08-15,-0.000746607058695378
2024-08-16,0.0016918346096560007
2024-08-19,-0.0028987469371467792
2024-08-20,-0.0006940697640345213
2024-08-21,-0.0006066676066997661
2024-08-22,-0.006503649579242348
2024-08-23,0.0005605496866061788
2024-08-26,0.00027321441216666297
2024-08-27,-0.004047334664852311
2024-08-28,0.0044973253846016135
2024-08-29,-0.0008194969513445235
2024-08-30,-0.010058322834613852
2024-09-02,-0.0064247952768234145
2024-09-03,0.0012456664710707999
2024-09-04,-0.004055051671264567
2024-09-05,-0.00034150027887268705
2024-09-06,-0.004716797932410498
2024-09-09,0.0027885524185923827
2024-09-10,-0.0010583081571100919
2024-09-11,0.0063883285912127085
2024-09-12,0.0025707116347810366
2024-09-13,0.00024635900087695636
2024-09-16,0.002713024056348623
2024-09-17,-0.005465946925307176
2024-09-18,-0.0013058914168923104
2024-09-19,0.005553986026841349
2024-09-20,0.003048119697936018
2024-09-23,-0.0022201927377384686
2024-09-24,-0.0036352019845278015
2024-09-25,-0.0017487245340445832
2024-09-26,0.0086349334382103
2024-09-27,-0.006207678804500642
2024-09-30,-0.0037626735148835857
2024-10-01,-0.00022471485366266754
2024-10-02,0.004100468202812503
2024-10-03,0.008967438875367658
2024-10-04,-0.003802004737012799
2024-10-07,0.005049759828780795
2024-10-08,0.004007428480356457
2024-10-09,-0.005380935057155404
2024-10-10,-0.004046033481858385
2024-10-11,0.0012237383684087003
2024-10-14,-0.001468317741292766
2024-10-15,0.010741051180715295
2024-10-16,-0.002725768799740274
2024-10-17,-0.0021482557497004
2024-10-18,-0.018844923531421982
2024-10-21,0.004330367941407751
2024-10-22,0.005457780344828509
2024-10-23,0.013708735313870547
2024-10-24,-0.001229010751046214
2024-10-25,-0.0023412089886027305
2024-10-28,-0.0018680615457218838
2024-10-29,-0.002380726275374046
2024-10-30,-0.0002133628050889273
2024-10-31,-0.00628589907174102
2024-11-01,0.003670938763518931
2024-11-04,-0.0005745926129572023
2024-11-05,-0.031110552912390014
2024-11-06,-0.0024984601684300716
2024-11-07,-0.00016898783022481414
2024-11-08,0.003894973921580128
2024-11-11,0.002888297737184855
2024-11-12,0.011885702927291736
2024-11-13,-0.00011275292444386794
2024-11-14,0.004324936842099477
2024-11-15,0.007263370427048104
2024-11-18,0.001876822445115279
2024-11-19,-0.0013327679750979294
2024-11-20,0.005843378746664811
2024-11-21,0.0004017388484784892
2024-11-22,-0.0005083555137169216
2024-11-25,-0.0028184041236405393
2024-11-26,-0.0023438767978838293
2024-11-27,-0.0014624448535454355
2024-11-28,-0.009950700298469835
2024-11-29,0.0018908641676175027
2024-12-02,-0.00270004843606199
2024-12-03,0.0017300829969089803
2024-12-04,0.0009621618217831763
2024-12-05,-0.003095747634397378
2024-12-06,0.0280136645985249
2024-12-09,0.0003031226416306742
2024-12-10,-0.007753987605157232
2024-12-11,-0.005089107221423189
2024-12-12,0.0032279834239121656
2024-12-13,0.0020044977745686497
2024-12-16,0.004303788722819475
2024-12-17,0.01854878563003235
2024-12-18,-0.003125048542307828
2024-12-19,-0.00044137876800991806
2024-12-20,0.003376348644541641
2024-12-23,-0.002113894330160778
2024-12-24,0.0028939380000612427
2024-12-25,0.0055743788070350166
2024-12-26,-0.002324900825778152
2024-12-27,0.0002599782078930839
2024-12-30,0.0031367213272378916
2024-12-31,0.0011813890236692215
2025-01-01,0.0024549207180163866
2025-01-02,-0.0038352517499891207
2025-01-03,-0.004033239483380987
2025-01-06,-0.0017421006939874265
2025-01-07,-0.005291802907656186
2025-01-08,-0.001634724243103456
2025-01-09,-0.03250354566805703
2025-01-10,0.009226056076036613
2025-01-13,0.005070939108124094
2025-01-14,-0.0005723885330013776
2025-01-15,0.004269051643397835
2025-01-16,0.013565525515845289
2025-01-17,0.0018880855148766993
2025-01-20,0.009200834475433775
2025-01-21,0.018090275805349797
2025-01-22,-0.01015756647966389
2025-01-23,-0.010293704276383028
2025-01-24,0.005799025459619413
2025-01-27,0.0001721983516647632
2025-01-28,0.0073826963522446295
2025-01-29,0.0023294422680376573
2025-01-30,0.002313921647592647
2025-01-31,-0.0013191994618815084
2025-02-03,0.0035303300199884696
2025-02-04,0.015556599502463717
2025-02-05,0.004727209124903264
2025-02-06,-0.008095576804160077
2025-02-07,0.0012774901555889845
2025-02-10,-0.0016802202872984976
2025-02-11,0.0032427433877167673
2025-02-12,-0.00199131607820262
2025-02-13,-0.0045673209189085765
2025-02-14,0.0034051795970052212
2025-02-17,0.005234305457269838
2025-02-18,0.009662757830173199
2025-02-19,-0.0026840662246814828
2025-02-20,-0.003505409902776978
2025-02-21,-0.004126969555586658
2025-02-24,0.0017142458078908713
2025-02-25,0.00048516995232910574
2025-02-26,0.0036188387121674575
2025-02-27,-0.004423139000303468
2025-02-28,0.0010647194895390833
2025-03-03,-0.001360901171009328
2025-03-04,0.00038673637630820795
2025-03-05,-0.0010786555974901665
2025-03-06,0.013731938427967194
2025-03-07,-0.0001311385789896407
2025-03-10,0.0009934284427913292
2025-03-11,0.007908626035912952
2025-03-12,0.003907336201271017
2025-03-13,-0.0026245856278893955
2025-03-14,0.0024372625985374418
2025-03-17,-0.01590278531749023
2025-03-18,0.0024654591296513167
2025-03-19,0.0058806918100052065
2025-03-20,-0.00027762175032706576
2025-03-21,-0.00310037668985767
2025-03-24,-0.006025816108240914
2025-03-25,-0.0017265704012147567
2025-03-26,-0.0067290258145392984
2025-03-27,0.0025053442613094195
2025-03-28,0.02363818752215904
2025-03-31,-0.00012594190580145882
2025-04-01,-0.009153516985468731
2025-04-02,-9.592695308210274e-05
2025-04-03,0.0001221573382307642
2025-04-04,0.013170521367006215
2025-04-07,0.005987268898142357
2025-04-08,-0.0008647119116415277
2025-04-09,0.002334364812296528
2025-04-10,-0.0011019302234209947
2025-04-11,-0.0005027761103040996
2025-04-14,0.0012591968357285434
2025-04-15,0.0020178802192054777
2025-04-16,0.010492374952866498
2025-04-17,0.0010038574012752191
2025-04-18,0.08025490337216017
2025-04-21,-0.002654127973045886
2025-04-22,-0.0007824462278093213
2025-04-23,-0.006871796902809414
2025-04-24,0.004538757476246926
2025-04-25,0.0008374281580397217
2025-04-28,-0.00327607097622934
2025-04-29,-0.0026898120562439667
2025-04-30,-0.008785388541779505
2025-05-01,-0.0019788102747663083
2025-05-02,-0.004529558105604576
2025-05-05,0.017341616805872644
2025-05-06,0.0034035838980935092
2025-05-07,0.0049707871202799726
2025-05-08,0.004689237918940122
2025-05-09,0.0021204917822648926
2025-05-12,0.024778169372784827
2025-05-13,0.00319312037450704
2025-05-14,-0.001287716809555329
2025-05-15,-0.004587182300400083
2025-05-16,0.003495197837805189
2025-05-19,0.005906451686553223
2025-05-20,-0.00016424625884634407
2025-05-21,0.007007415464679706
2025-05-22,0.004749410145706201
2025-05-23,-0.0023549892494499555
2025-05-26,0.0021363798322421306
2025-05-27,0.003967195820466284
2025-05-28,0.007570773285386682
2025-05-29,0.0005904615229071713
2025-05-30,-0.0012570350512647159
2025-06-02,0.00745912333562188
2025-06-03,0.013321383931397118
2025-06-04,-0.0022517787923740326
2025-06-05,0.006636403550375435
2025-06-06,-0.010891659049039961
2025-06-09,0.003336258044926055
2025-06-10,-0.01001032429883024
2025-06-11,0.004071959881498595
2025-06-12,0.0035539825892165196
2025-06-13,-0.006177016079173852
2025-06-16,0.0023270585236872315
2025-06-17,0.010619993243223384
2025-06-18,0.001856829198438282
2025-06-19,0.00016277630507652795
2025-06-20,0.0010389108962515449
2025-06-23,0.0034564366942107555
2025-06-24,0.0005268058959830744
2025-06-25,0.0013915022616129672
2025-06-26,-0.00205277117334596
2025-06-27,-0.0044228432157224235
2025-06-30,-0.0030856100268425073
2025-07-01,-0.001811465729215416
2025-07-02,-0.0035994623223271367
2025-07-03,-0.0014830260623428263
2025-07-04,0.015985875041175927
2025-07-07,0.0033070920609666156
2025-07-08,-0.003781464031376069
2025-07-09,-0.0027024850304790556
2025-07-10,-0.022369227585924314
2025-07-11,-0.004452099208833524
2025-07-14,-0.0013757694772387496
2025-07-15,-0.014355363058803638
2025-07-16,0.00048808598723179753
2025-07-17,0.004182880542708376
2025-07-18,-0.0034779567885882914
2025-07-21,-0.0008093237454429353
2025-07-22,0.010883822426786153
2025-07-23,0.00653478130261307
2025-07-24,-0.0015162751062678312
2025-07-25,0.005988022502764946
2025-07-28,0.0010341133706001327
2025-07-29,0.005262784010110645
2025-07-30,0.002630628840916084
2025-07-31,-0.0032030375435003495
2025-08-01,0.0015939369683742825
2025-08-04,0.006864910711379142
2025-08-05,-0.0003629288704064104
2025-08-06,-0.002421024936900138
2025-08-07,-0.008830078492065642
2025-08-08,0.0025225123642282432
2025-08-11,0.0038850958360441695
2025-08-12,0.004523463006648565
2025-08-13,0.005111564725029117
2025-08-14,0.008702788218450773
2025-08-15,0.001737787795538984
2025-08-18,-0.003533885284366623
2025-08-19,-0.001257529956563084
2025-08-20,-0.0015137064084094667
2025-08-21,0.0030836948480868977
2025-08-22,0.0034889880531772726
2025-08-25,0.01919152062032577
2025-08-26,0.0037123241958226896
2025-08-27,-0.0005114735682480475
2025-08-28,-0.00556300938574031
2025-08-29,0.003839767384088223
2025-09-01,0.006467712480286213
2025-09-02,0.004871077067150668
2025-09-03,0.00392744469321442
2025-09-04,-0.007724713344904969
2025-09-05,0.0008726741019326758
2025-09-08,0.0015627346911786615
2025-09-09,-0.003227596115113787
2025-09-10,-0.0019070477898719116
2025-09-11,-0.0009964165927412328
2025-09-12,-0.018577469730010152
2025-09-15,0.001196708266906272
2025-09-16,-0.000308786083443747
2025-09-17,0.0039012374249612633
2025-09-18,-0.015636428782570575
2025-09-19,-0.007922753575859084
2025-09-22,0.015197370141607845
2025-09-23,-0.004731632100100495
2025-09-24,0.0003150308471661278
2025-09-25,0.0031069490813434497
2025-09-26,0.0001717248886234934
2025-09-29,0.008219576209338515
2025-09-30,-0.0031168824551761113
2025-10-01,0.0011131641141691273
2025-10-02,0.0008678787631950214
2025-10-03,0.00212523778623252
2025-10-06,-0.0017915982572435847
2025-10-07,-0.002302998095594888
2025-10-08,0.002097847591285424
2025-10-09,-0.004037559517838364
2025-10-10,0.0023023272412803957
2025-10-13,0.0021063957076996255
2025-10-14,-0.0036747642397722794
2025-10-15,0.0014948919077269294
2025-10-16,-0.0006038536256474429
2025-10-17,0.0036042070664636682
2025-10-20,-0.0024302249817820597
2025-10-21,0.003383152935418368
2025-10-22,-0.006910683199356234
2025-10-23,-0.0017851665672656768
2025-10-24,0.006445524154717202
2025-10-27,0.014999972727598114
2025-10-28,0.003257494386197693
2025-10-29,-0.002391689504289451
2025-10-30,-0.004363629264529097
2025-10-31,-0.00037630431788534044
2025-11-03,0.0014950262529216183
2025-11-04,-0.003338892821008815
2025-11-05,0.001304514043293538
2025-11-06,-0.0001965550611285431
2025-11-07,-0.00017374399188083993
2025-11-10,-0.002614679290313158
2025-11-11,-0.0058262512310528
2025-11-12,0.003145779285029586
2025-11-13,0.007672000966053097
2025-11-14,-0.0012316332035336801
2025-11-17,-0.006672237514976443
2025-11-18,0.007030506438244811
2025-11-19,-0.016171761622047177
2025-11-20,-0.00043347792411402693
2025-11-21,-0.004542621578099419
2025-11-24,-0.004939060336796167
2025-11-25,-0.0026768060704056894
2025-11-26,-0.0015153302663470651
2025-11-27,0.0052445141490591275
2025-11-28,-0.000715040014099723
2025-12-01,0.0009943104447003423
2025-12-02,0.009326278448356835
2025-12-03,0.0012943432014485858
2025-12-04,0.011303176196889307
2025-12-05,0.0071454421086907
2025-12-08,0.0006516111709233448
2025-12-09,0.008573429407831982
2025-12-10,-0.00831783318081971
2025-12-11,0.00862038035916434
2025-12-12,0.007084459204558208
2025-12-15,0.013684138649236687
2025-12-16,0.0011200791728558906
2025-12-17,0.013454299595203362
2025-12-18,0.003687556472264227
2025-12-19,0.0016808390652730354
2025-12-22,0.000544842229882977
2025-12-23,0.002074368482623425
2025-12-24,-0.008990499972212875
2025-12-25,0.004414941809596339
2025-12-26,0.0033297846250376333
2025-12-29,-0.0001403023054777833
2025-12-30,-0.008438083531197101
2025-12-31,0.002420556497486267
2026-01-01,0.001467809679963958
2026-01-02,0.0005878387225297773
2026-01-05,0.0017244298575220818
2026-01-06,0.0029012583164698003
2026-01-07,-0.0038821912259757404
2026-01-08,0.035288339769557156
2026-01-09,-0.003808446229639709
2026-01-12,0.000315899031289659
2026-01-13,-0.00038129502957397405
2026-01-14,0.005314252781282372
2026-01-15,-0.004839298691600311
2026-01-16,0.0026985244786697856
2026-01-19,-0.006444269487173808
2026-01-20,0.023177069641633994
2026-01-21,-0.0011565333014642257
2026-01-22,-0.005514616074503964
2026-01-23,0.013319733206311227
2026-01-26,0.010052005876151727
2026-01-27,-0.010338250967756518
2026-01-28,-0.0018028332714788283
2026-01-29,0.011901175188092855
2026-01-30,0.004664613286749116
2026-02-02,0.0077559143073438735
2026-02-03,-0.001887094029953815
2026-02-04,-0.0022490502789170343
2026-02-05,-0.0005545998732592179
2026-02-06,0.0006307023414045046
2026-02-09,-0.016893061638362145
2026-02-10,-0.007809216084113575
2026-02-11,-0.00426389966501592
2026-02-12,0.0018337475780882395
2026-02-13,-0.00042626127964687227
2026-02-16,-0.0057922758748425035
2026-02-17,-0.0024812239510849424
2026-02-18,0.0038997088212408674
2026-02-19,0.002454108697656038
2026-02-20,0.004164058481257582
2026-02-23,-0.002975842030614762
2026-02-24,-0.002399444320570346
2026-02-25,-0.0010045174592217924
2026-02-26,-0.0027374689816002367
2026-02-27,-0.0072290599073733435
2026-03-02,0.0011858503220510453
2026-03-03,0.0009306080234921975
2026-03-04,-0.0006522299972887577
2026-03-05,0.00030091539093468573
2026-03-06,-0.0006518429026179994
2026-03-09,0.010828047509999526
2026-03-10,0.0005454180969222553
2026-03-11,-0.007582460457277095
2026-03-12,-0.0006188223637021897
2026-03-13,0.008709433700579809
2026-03-16,-0.002397256303696658
2026-03-17,0.002401698830856118
2026-03-18,0.00023631258970746962
2026-03-19,0.004405292251972055
2026-03-20,0.002707529998479371
2026-03-23,0.003216547115735071
2026-03-24,0.009441763965030476
2026-03-25,-0.004168682944454511
2026-03-26,-0.0031517145129557503
2026-03-27,0.0011360456655675122
2026-03-30,0.00496027107078524
2026-03-31,-0.0013713658257799109
2026-04-01,-0.002113018566562764
2026-04-02,-0.0007930740337906865
2026-04-03,0.00083937508861465
2026-04-06,-0.008110231796386818
2026-04-07,-0.010720975255750418
2026-04-08,0.006262227792856663
2026-04-09,0.009993136701678906
2026-04-10,0.001025816019439409
2026-04-13,0.0007611767003839173
2026-04-14,-0.008670315827272691
2026-04-15,-0.03936270780143712
2026-04-16,0.004185032913077513
2026-04-17,-0.001649890047252098
2026-04-20,-0.011065766280463575
2026-04-21,0.004701447082494743
2026-04-22,0.004474716954113659
2026-04-23,0.0006258567745237043
2026-04-24,-0.016087925376109
2026-04-27,-0.0035969225654364475
2026-04-28,-0.002317109187250962
2026-04-29,-0.004150173111745574
2026-04-30,-0.0028268274990007145
2026-05-01,0.0050040955801223695
2026-05-04,0.0005921909286690278
2026-05-05,-0.0017378992290332013
2026-05-06,0.0036859153219948684
2026-05-07,0.0007171220613285983
2026-05-08,0.001849262405940553
2026-05-11,-0.0007394575386920296
2026-05-12,0.005042234900059639
2026-05-13,0.00036834294286787857
2026-05-14,0.0029572268131167955
2026-05-15,-0.004547767779493255
2026-05-18,-0.0028841330857479557
2026-05-19,-0.0017551956505461497
2026-05-20,-0.009433261611133647
2026-05-21,0.005223084170499212
2026-05-22,0.0021330050466971035
2026-05-25,-0.0023524380450713686
2026-05-26,5.8461019710639704e-05
2026-05-27,-0.000434178389938709
2026-05-28,0.0003741156571525115
2026-05-29,0.0016290530621374418
2026-06-01,-0.0009935329077610932
2026-06-02,0.0020146521332316245
2026-06-03,-0.0015862204815217298
2026-06-04,-0.0014801630839042354
2026-06-05,0.0017343587597400665
2026-06-08,-0.002792808004410569
2026-06-09,-0.004005387708793078
2026-06-10,-0.007618965581550317
